Fuel,Technology,Year,Efficiency (electricity),Efficiency (heat),Investment Cost ($/kW),Fixed Cost ($/kW.year),Variable Cost ($/kWh),Fuel Cost ($/kWh),Lifetime (years),annuity,capital_cost,marginal_cost_elec,marginal_cost_heat,marginal_cost
solar,Solar PV,2040,0.25,0.0,2800,20,0.01,0.0,25,0.07822671821227395,779.034810994367,0.01,,0.01
nuclear,Nuclear PP,2040,0.5,0.85,29000,200,0.015,0.000104,40,0.0664615359206755,59927.38454169958,0.015208,0.01512235294117647,0.015154074074074072
geothermal,Geothermal PP,2040,0.2,0.85,32000,50,0.015,0.0,30,0.07264891149004721,18324.76516768151,0.015,0.015,0.014999999999999998
heater,Regenerative Heater,2040,0.0,1.0,1200,10,0.0025,0.0,20,0.0871845569768514,224.6214683722217,,0.0025,0.0025
battery,BESS,2040,0.9,0.0,5100,25,0.003,0.0,10,0.13586795822038372,1967.926586923957,0.003,,0.003
hydrogen,Hydrogen Storage,2040,0.35,0.0,11000,80,0.02,0.27,15,0.10296276395531265,9932.59040350844,0.7914285714285716,inf,0.7914285714285716
